{
  "accuracy": 0.93145,
  "precision": 0.9250320165500936,
  "recall": 0.939,
  "f1_score": 0.931963674259342,
  "roc_auc": 0.982132735
}